{"Fid":"cWCI-fpsQOOV8TutGEIvkG","Status":3,"AuthToken":"eyJhbGciOiJFUzI1NiIsInR5cCI6IkpXVCJ9.eyJhcHBJZCI6IjE6NjU2MDU1OTI0NTM3OmFuZHJvaWQ6Y2VmZTkyOGMxODlhYjcxYzVkOWFlOCIsImV4cCI6MTc1OTA3ODQ5MywiZmlkIjoiY1dDSS1mcHNRT09WOFR1dEdFSXZrRyIsInByb2plY3ROdW1iZXIiOjY1NjA1NTkyNDUzN30.AB2LPV8wRQIhANwSuV0jMrmEgauiC9_Vj3yMlNddVTv8y2kCTTOqn4VWAiBoV37V1r8QZMArvvinPyapc1NgUATo_t9uMIwml2TWoQ","RefreshToken":"3_AS3qfwL2nvrAQE7I5Gn87vx248-nL6TTVI0zGrI6wIVqtZexgR9DE2MyaPifenTAKKZwM7bqMIEKbu_p3CjEGC3Ir7zaW_GRFnJNY379rUcZwrE","TokenCreationEpochInSecs":1758473692,"ExpiresInSecs":604800}