<?xml version='1.0' encoding='utf-8' standalone='yes' ?>
<map>
    <long name="com.applovin.sdk.launch_count" value="2" />
    <long name="com.applovin.sdk.last_launch_timestamp" value="1758472206254" />
    <boolean name="com.applovin.sdk.launched_before" value="true" />
    <string name="com.applovin.sdk.device_test_group">42</string>
    <string name="com.applovin.sdk.stats">{&quot;app_paused_and_resumed&quot;:2}</string>
    <long name="com.applovin.sdk.install_date" value="1758283564923" />
    <string name="com.applovin.sdk.latest_installed_version">13.3.1</string>
    <boolean name="com.applovin.sdk.has_seen_but_not_accepted_privacy_policy" value="false" />
</map>
