<?xml version='1.0' encoding='utf-8' standalone='yes' ?>
<map>
    <boolean name="had_persisted_distinct_id" value="false" />
    <string name="super_properties">{&quot;isAnonymous&quot;:false,&quot;phoneNumber&quot;:true,&quot;userEmail&quot;:&quot;&quot;,&quot;userName&quot;:&quot;Serenity&quot;,&quot;userId&quot;:&quot;4lvmIPCtmLXOO9iE0wZJxwTWZuO2&quot;,&quot;$lib_version&quot;:&quot;2.4.4&quot;,&quot;mp_lib&quot;:&quot;flutter&quot;}</string>
    <boolean name="events_user_id_present" value="true" />
    <string name="people_distinct_id">4lvmIPCtmLXOO9iE0wZJxwTWZuO2</string>
    <string name="events_distinct_id">4lvmIPCtmLXOO9iE0wZJxwTWZuO2</string>
    <string name="anonymous_id">d77bf9d8-864c-49a2-8a3f-7bdc5f0cb628</string>
</map>
