<?xml version='1.0' encoding='utf-8' standalone='yes' ?>
<map>
    <boolean name="measurement_enabled_from_api" value="true" />
    <boolean name="deep_link_retrieval_complete" value="true" />
    <long name="first_open_time" value="1758472150591" />
    <string name="gmp_app_id">1:656055924537:android:cefe928c189ab71c5d9ae8</string>
    <string name="app_instance_id">ca39eb0f0ddd02877ccd1d0df4a08122</string>
    <long name="deep_link_retrieval_attempts" value="1" />
    <long name="session_id" value="1758472153" />
    <boolean name="app_backgrounded" value="true" />
    <long name="health_monitor:start" value="1758472152139" />
    <boolean name="use_service" value="true" />
    <boolean name="deferred_analytics_collection" value="false" />
    <string name="previous_os_version">14</string>
    <boolean name="measurement_enabled" value="true" />
    <boolean name="has_been_opened" value="true" />
    <boolean name="allow_remote_dynamite" value="true" />
    <long name="last_pause_time" value="1758472230276" />
    <boolean name="start_new_session" value="false" />
</map>
