<?xml version='1.0' encoding='utf-8' standalone='yes' ?>
<map>
    <long name="com.facebook.appevents.SessionInfo.sessionStartTime" value="1758283580011" />
    <string name="storefrontCacheKey">IN</string>
    <int name="com.facebook.appevents.SessionInfo.interruptionCount" value="5" />
    <string name="com.applovin.sdk.impl.isFirstRun">false</string>
    <string name="com.facebook.appevents.SessionInfo.sessionId">02ba25d9-95d6-4e21-8114-e6d74f2fdb0f</string>
    <long name="com.facebook.appevents.SessionInfo.sessionEndTime" value="1758283706365" />
    <string name="com.revenuecat.purchases.goog_DbsgCxjHJWZblwrslqFJzSvLMCC.subscriberAttributes">{&quot;attributes&quot;:{&quot;4lvmIPCtmLXOO9iE0wZJxwTWZuO2&quot;:{&quot;$displayName&quot;:{&quot;key&quot;:&quot;$displayName&quot;,&quot;value&quot;:&quot;Serenity&quot;,&quot;set_time&quot;:1758283629697,&quot;is_synced&quot;:true},&quot;$phoneNumber&quot;:{&quot;key&quot;:&quot;$phoneNumber&quot;,&quot;value&quot;:&quot;+919321566709&quot;,&quot;set_time&quot;:1758283629698,&quot;is_synced&quot;:true},&quot;$mixpanelDistinctId&quot;:{&quot;key&quot;:&quot;$mixpanelDistinctId&quot;,&quot;value&quot;:&quot;4lvmIPCtmLXOO9iE0wZJxwTWZuO2&quot;,&quot;set_time&quot;:1758283629699,&quot;is_synced&quot;:true},&quot;$appsflyerId&quot;:{&quot;key&quot;:&quot;$appsflyerId&quot;,&quot;value&quot;:&quot;1758472461855-3301958293604856118&quot;,&quot;set_time&quot;:1758472477806,&quot;is_synced&quot;:true},&quot;$gpsAdId&quot;:{&quot;key&quot;:&quot;$gpsAdId&quot;,&quot;value&quot;:&quot;32b09acc-0c88-4a85-8ffe-3b71c0367bc6&quot;,&quot;set_time&quot;:1758472477793,&quot;is_synced&quot;:true},&quot;$ip&quot;:{&quot;key&quot;:&quot;$ip&quot;,&quot;value&quot;:&quot;true&quot;,&quot;set_time&quot;:1758283630101,&quot;is_synced&quot;:true},&quot;$deviceVersion&quot;:{&quot;key&quot;:&quot;$deviceVersion&quot;,&quot;value&quot;:&quot;true&quot;,&quot;set_time&quot;:1758283630101,&quot;is_synced&quot;:true},&quot;$email&quot;:{&quot;key&quot;:&quot;$email&quot;,&quot;value&quot;:&quot;&quot;,&quot;set_time&quot;:1758472477694,&quot;is_synced&quot;:true}}}}</string>
    <boolean name="bg_startup_tracing" value="false" />
    <string name="com.facebook.appevents.UserDataStore.internalUserData"></string>
    <set name="com.revenuecat.purchases.goog_DbsgCxjHJWZblwrslqFJzSvLMCC.tokens" />
    <long name="com.revenuecat.purchases.goog_DbsgCxjHJWZblwrslqFJzSvLMCC.productEntitlementMappingLastUpdated" value="1758472484686" />
    <string name="com.revenuecat.purchases.goog_DbsgCxjHJWZblwrslqFJzSvLMCC.4lvmIPCtmLXOO9iE0wZJxwTWZuO2">{&quot;request_date&quot;:&quot;2025-09-21T16:34:41Z&quot;,&quot;request_date_ms&quot;:1758472481089,&quot;subscriber&quot;:{&quot;entitlements&quot;:{&quot;Ad Free&quot;:{&quot;expires_date&quot;:&quot;2025-09-12T05:47:59Z&quot;,&quot;grace_period_expires_date&quot;:&quot;2025-09-12T05:47:59Z&quot;,&quot;product_identifier&quot;:&quot;ad_free_999&quot;,&quot;product_plan_identifier&quot;:&quot;ad-free-base&quot;,&quot;purchase_date&quot;:&quot;2025-09-06T06:04:18Z&quot;},&quot;Ad Free Quarterly&quot;:{&quot;expires_date&quot;:&quot;2025-10-05T00:36:59Z&quot;,&quot;grace_period_expires_date&quot;:null,&quot;product_identifier&quot;:&quot;ad_free_quarterly&quot;,&quot;product_plan_identifier&quot;:&quot;ad-free-base-quarterly&quot;,&quot;purchase_date&quot;:&quot;2025-07-05T00:37:34Z&quot;}},&quot;first_seen&quot;:&quot;2025-07-05T00:37:34Z&quot;,&quot;last_seen&quot;:&quot;2025-09-21T10:13:42Z&quot;,&quot;management_url&quot;:&quot;https:\/\/play.google.com\/store\/account\/subscriptions&quot;,&quot;non_subscriptions&quot;:{},&quot;original_app_user_id&quot;:&quot;4lvmIPCtmLXOO9iE0wZJxwTWZuO2&quot;,&quot;original_application_version&quot;:null,&quot;original_purchase_date&quot;:null,&quot;other_purchases&quot;:{},&quot;subscriptions&quot;:{&quot;ad_free_999&quot;:{&quot;auto_resume_date&quot;:null,&quot;billing_issues_detected_at&quot;:&quot;2025-09-06T05:48:37Z&quot;,&quot;display_name&quot;:null,&quot;expires_date&quot;:&quot;2025-09-12T05:47:59Z&quot;,&quot;grace_period_expires_date&quot;:&quot;2025-09-12T05:47:59Z&quot;,&quot;is_sandbox&quot;:false,&quot;management_url&quot;:&quot;https:\/\/play.google.com\/store\/account\/subscriptions&quot;,&quot;original_purchase_date&quot;:&quot;2025-08-05T05:48:30Z&quot;,&quot;period_type&quot;:&quot;normal&quot;,&quot;price&quot;:{&quot;amount&quot;:0,&quot;currency&quot;:&quot;INR&quot;},&quot;product_plan_identifier&quot;:&quot;ad-free-base&quot;,&quot;purchase_date&quot;:&quot;2025-09-06T06:04:18Z&quot;,&quot;refunded_at&quot;:null,&quot;store&quot;:&quot;play_store&quot;,&quot;store_transaction_id&quot;:&quot;GPA.3342-2214-0176-26572..0&quot;,&quot;unsubscribe_detected_at&quot;:null},&quot;ad_free_quarterly&quot;:{&quot;auto_resume_date&quot;:null,&quot;billing_issues_detected_at&quot;:null,&quot;display_name&quot;:null,&quot;expires_date&quot;:&quot;2025-10-05T00:36:59Z&quot;,&quot;grace_period_expires_date&quot;:null,&quot;is_sandbox&quot;:false,&quot;management_url&quot;:&quot;https:\/\/play.google.com\/store\/account\/subscriptions&quot;,&quot;original_purchase_date&quot;:&quot;2025-07-05T00:37:34Z&quot;,&quot;period_type&quot;:&quot;normal&quot;,&quot;price&quot;:{&quot;amount&quot;:399,&quot;currency&quot;:&quot;INR&quot;},&quot;product_plan_identifier&quot;:&quot;ad-free-base-quarterly&quot;,&quot;purchase_date&quot;:&quot;2025-07-05T00:37:34Z&quot;,&quot;refunded_at&quot;:null,&quot;store&quot;:&quot;play_store&quot;,&quot;store_transaction_id&quot;:&quot;GPA.3391-3491-5567-25959&quot;,&quot;unsubscribe_detected_at&quot;:&quot;2025-08-03T02:36:14Z&quot;}}},&quot;schema_version&quot;:3,&quot;verification_result&quot;:&quot;NOT_REQUESTED&quot;,&quot;customer_info_request_date&quot;:1758472481830}</string>
    <string name="com.facebook.appevents.UserDataStore.userData"></string>
    <string name="com.revenuecat.purchases.goog_DbsgCxjHJWZblwrslqFJzSvLMCC.new">4lvmIPCtmLXOO9iE0wZJxwTWZuO2</string>
    <string name="com.revenuecat.purchases.goog_DbsgCxjHJWZblwrslqFJzSvLMCC.productEntitlementMapping">{&quot;product_entitlement_mapping&quot;:{&quot;ad_free_999&quot;:{&quot;product_identifier&quot;:&quot;ad_free_999&quot;,&quot;base_plan_id&quot;:&quot;ad-free-base&quot;,&quot;entitlements&quot;:[&quot;Ad Free&quot;]},&quot;ad_free_999:ad-free-base&quot;:{&quot;product_identifier&quot;:&quot;ad_free_999&quot;,&quot;base_plan_id&quot;:&quot;ad-free-base&quot;,&quot;entitlements&quot;:[&quot;Ad Free&quot;]},&quot;ad_free_monthly_99&quot;:{&quot;product_identifier&quot;:&quot;ad_free_monthly_99&quot;,&quot;base_plan_id&quot;:&quot;ad-free-monthly-base&quot;,&quot;entitlements&quot;:[&quot;Ad Free Quarterly&quot;]},&quot;ad_free_monthly_99:ad-free-monthly-base&quot;:{&quot;product_identifier&quot;:&quot;ad_free_monthly_99&quot;,&quot;base_plan_id&quot;:&quot;ad-free-monthly-base&quot;,&quot;entitlements&quot;:[&quot;Ad Free Quarterly&quot;]},&quot;ad_free_quarterly&quot;:{&quot;product_identifier&quot;:&quot;ad_free_quarterly&quot;,&quot;base_plan_id&quot;:&quot;ad-free-base-quarterly&quot;,&quot;entitlements&quot;:[&quot;Ad Free Quarterly&quot;]},&quot;ad_free_quarterly:ad-free-base-quarterly&quot;:{&quot;product_identifier&quot;:&quot;ad_free_quarterly&quot;,&quot;base_plan_id&quot;:&quot;ad-free-base-quarterly&quot;,&quot;entitlements&quot;:[&quot;Ad Free Quarterly&quot;]},&quot;ad_free_quarterly_499&quot;:{&quot;product_identifier&quot;:&quot;ad_free_quarterly_499&quot;,&quot;base_plan_id&quot;:&quot;ad-free-quarterly-499-base&quot;,&quot;entitlements&quot;:[&quot;Ad Free Quarterly&quot;]},&quot;ad_free_quarterly_499:ad-free-quarterly-499-base&quot;:{&quot;product_identifier&quot;:&quot;ad_free_quarterly_499&quot;,&quot;base_plan_id&quot;:&quot;ad-free-quarterly-499-base&quot;,&quot;entitlements&quot;:[&quot;Ad Free Quarterly&quot;]},&quot;less_ads_399_prod&quot;:{&quot;product_identifier&quot;:&quot;less_ads_399_prod&quot;,&quot;base_plan_id&quot;:&quot;less-ads-base-plan&quot;,&quot;entitlements&quot;:[&quot;Reduced Ads&quot;]},&quot;less_ads_399_prod:less-ads-base-plan&quot;:{&quot;product_identifier&quot;:&quot;less_ads_399_prod&quot;,&quot;base_plan_id&quot;:&quot;less-ads-base-plan&quot;,&quot;entitlements&quot;:[&quot;Reduced Ads&quot;]},&quot;reels_1.99&quot;:{&quot;product_identifier&quot;:&quot;reels_1.99&quot;,&quot;entitlements&quot;:[]},&quot;reels_4.99&quot;:{&quot;product_identifier&quot;:&quot;reels_4.99&quot;,&quot;entitlements&quot;:[]}}}</string>
    <string name="com.facebook.appevents.AnalyticsUserIDStore.userID">4lvmIPCtmLXOO9iE0wZJxwTWZuO2</string>
    <long name="com.revenuecat.purchases.goog_DbsgCxjHJWZblwrslqFJzSvLMCC.purchaserInfoLastUpdated.4lvmIPCtmLXOO9iE0wZJxwTWZuO2" value="1758472480863" />
</map>
