<?xml version='1.0' encoding='utf-8' standalone='yes' ?>
<map>
    <string name="iQOO/I2302T/I2302:15/AP3A.240905.015.A2/compiler250805155446:user/release-keys;1.0.91">dd86fe2a5783d5400b5d36f7f61ef64a</string>
    <string name="deviceIdHash">90f1ca2e-b006-4227-9290-7ca7ff632e31</string>
    <string name="LAST_SAVED_LOCALE">en_GB</string>
    <string name="realme/RMX3660/RE588BL1:14/UKQ1.230924.001/T.R4T2.1927be9-3bb5_697a2:user/release-keys;1.0.99">763d40b4f2be55a6f9718a5e451f3987</string>
    <int name="AppMinSdkVersion" value="26" />
</map>
