<?xml version='1.0' encoding='utf-8' standalone='yes' ?>
<map>
    <string name="flutter.countryCode">IN</string>
    <string name="flutter.lastSessionId">dcfdf9d0-9708-11f0-8f3e-63e9ad42a879</string>
    <string name="flutter.L2_ACTIVATED_SHOWS">SHOB2hgopQzcN7ZDMiw,SHOhhmTbJ6YfRG3cH7N,SHOz8nelgYqdqV0tIqH,SHOXg6KAK6pcC1rMtVS,SHObjN473eP3QqOa4jC,SHO9wtMwsAIJSIPB8ve,SHOPwq8S52XIcsSBEpH,SHODTGAjH8ZLVqSfA3b,SHOJ7KkvedVxQCfwpnc,SHODbZrXGjscAt6uj8X,SHOmNqXHOar1LdUo7b2,SHOwPGPalB3gaqWxvpa,SHOLOs28R6CItoy8kT4,SHOVVItC8I2cwsmFhGr,SHOCWXFExhmUzd8og9n,SHOEde84IjoT9bmAMrX,SHOoUxePQtO2wpV9XEq,SHONHEhYsGjOg5nWLNK,SHON0qAhRvtpmf6nHfN,SHOQgx6KNpglkMXHWou,SHOnlFFVXFRF99osdaM,SHORCDPi8049r7KHBWx,SHOhjiZIKyVsv0UGaQK,SHO27N4pogLvwbm22bO,SHOlKra6Jqgv8ef68eN,SHOKakelhD4nrgbho9O,SHOJiGtCP0v6TRur27s,SHONsgAqSsigzgwzGia,SHOlG6Y8xVBA68G74xw,SHOhordPyj8YW1FHALt,SHOfnXB1OZLtwSRAkt7,SHO889Ka06EJNVr1QiX,SHO2AjneRWxPDcSoPdQ,SHO9KVQglMrg2tl55JA,SHOS3OOtqSL6A2zDpXh,SHOizwpnbEwcuMP1gAp,SHO3Hw1QrsZLBSDAwUV,SHOcVZhiPyjSdkFPFMH,SHO5cNpDg74z9JAzven,SHOaoxJzY9KYKRuHfJf,SHOPh6akeCe6ryoqy3C,SHOgkUWfkrhmN29SE9n,SHOoGCZjikICom4cT9j,SHOrJ2hIP4NeuSvcylR,SHOUbk2iqP4N1PLXSgy,SHOTSxQgXV8kD9h6On0,SHOgRlfiLbs5X5sT6f6,SHOgux6PZCPAOpn0BiP,SHOUho7Ot0Xn1KL5bCn,SHO0G1NJApQV0yQlAJv,SHOliL3OJxbXiifMwy0,SHO108mA4llrLrDsZl0,SHOmyBG4pgsG2Pa7urF,SHOzTFpZz75cOZOHffW,SHOjh8jeKNOwNlFVhmi,SHO8zTaufdnzYURU5xw,SHOqvzRWKz8pqNKaKCQ,SHOey3UOMqBX8DO0rEn,SHO7bvhyfbpmvVPqelN,SHOe8380I7TAVyTJe3N</string>
    <string name="flutter.alternateTrialScreen">&quot;true&quot;</string>
    <string name="flutter.PREFERRED_LANGUAGE">en</string>
    <boolean name="flutter.firstSession" value="false" />
    <boolean name="flutter.didShowNotificationPrompt" value="true" />
    <string name="flutter.SUBSCRIPTION_ONLY">true</string>
    <boolean name="flutter.firstTimeLaunch" value="false" />
    <string name="flutter.REELS_APP_L2_ACTIVATED">true</string>
    <string name="flutter.APP_WATCH_TIME_MS">142589256</string>
    <string name="flutter.subscriptionVariant">&quot;D&quot;</string>
    <string name="flutter.SHOWS_APP_L1_ACTIVATED">true</string>
    <string name="flutter.L1_ACTIVATED_SHOWS">SHOe8380I7TAVyTJe3N,SHOGwviJmph6mxeTEym,SHOoUxePQtO2wpV9XEq,SHOrJ2hIP4NeuSvcylR,SHOhjiZIKyVsv0UGaQK,SHONHEhYsGjOg5nWLNK,SHOhhmTbJ6YfRG3cH7N,SHO2X5CjlWbhpczQtrz,SHOCWXFExhmUzd8og9n,SHOhordPyj8YW1FHALt,SHOIN3Z2hOqd1LUNgw4,SHOmNqXHOar1LdUo7b2,SHOwPGPalB3gaqWxvpa,SHOfnXB1OZLtwSRAkt7,SHOVVItC8I2cwsmFhGr,SHORCDPi8049r7KHBWx,SHOLaGZhdyeqaZIPqIh,SHOJiGtCP0v6TRur27s,SHOTSxQgXV8kD9h6On0,SHOB2hgopQzcN7ZDMiw,SHOPh6akeCe6ryoqy3C,SHOz8nelgYqdqV0tIqH,SHOzTFpZz75cOZOHffW,SHOdpKuieFcKfKHhtnD,SHOAtsgQHxc7uxw3KX3,SHOlKra6Jqgv8ef68eN,SHOKakelhD4nrgbho9O,SHO053RUGkdVTpawfAS,SHOEde84IjoT9bmAMrX,SHO889Ka06EJNVr1QiX,SHO2AjneRWxPDcSoPdQ,SHO27N4pogLvwbm22bO,SHOWVg6SjhvTIaOT3Mj,SHOQCyPi28sqKQorYiP,SHOBUaYerLKKZRh5vIB,SHOYOauUCMm9zdJ9bo7,SHO5Ss7txRIO8WlhevA,SHOuP1EqsDky1iNK5Ro,SHO7bvhyfbpmvVPqelN,SHO3Tu9s64NPbUzDeDh,SHO108mA4llrLrDsZl0,SHO5cNpDg74z9JAzven,SHOC3ddSUAwv1MliQFL,SHOkw3AwC3FsvAjyywn,SHOFfeApmKFfWQJXEIg,SHODTGAjH8ZLVqSfA3b,SHOyLj2kSf5SnvZW5Gm,SHOgRlfiLbs5X5sT6f6,SHOcVZhiPyjSdkFPFMH,SHOauJmPf6nPGqIrQfM,SHOTBDbSstJEQqnsYNk,SHOfBHEOseF6yNvJbrV,SHONsgAqSsigzgwzGia,SHOJ7KkvedVxQCfwpnc,SHOS3OOtqSL6A2zDpXh,SHOExocBFgFjKTHbixi,SHObjN473eP3QqOa4jC,SHOUAb7vrzXFB3xp8hU,SHOZlnhoaTgVMF9XCJb,SHOey3UOMqBX8DO0rEn,SHOCrETNLuHkYgoo2tg,SHO8zTaufdnzYURU5xw,SHOojxLwfIMyV497WEj,SHOqvzRWKz8pqNKaKCQ,SHOjVa94670KsF2O4kF,SHOnlFFVXFRF99osdaM,SHOtsQfxog0tjQhLFZP,SHOLOs28R6CItoy8kT4</string>
    <string name="flutter.MIXPANEL_DISTINCT_ID">4lvmIPCtmLXOO9iE0wZJxwTWZuO2</string>
    <boolean name="flutter.renderHomeV2" value="true" />
    <string name="flutter.CAMPAIGN_TYPE">CPT</string>
    <boolean name="flutter.appsflyerDeepLinked" value="true" />
    <string name="flutter.REELS_ACTIVATED_SHOWS">SHOz8nelgYqdqV0tIqH,SHOoUxePQtO2wpV9XEq,SHOXg6KAK6pcC1rMtVS,SHObjN473eP3QqOa4jC,SHO9wtMwsAIJSIPB8ve,SHOPwq8S52XIcsSBEpH,SHODTGAjH8ZLVqSfA3b,SHOjhu2UnKqIRHWLBmo,SHO2AjneRWxPDcSoPdQ,SHOhordPyj8YW1FHALt,SHOIN3Z2hOqd1LUNgw4,SHOmNqXHOar1LdUo7b2,SHOwPGPalB3gaqWxvpa,SHO889Ka06EJNVr1QiX,SHO7bvhyfbpmvVPqelN,SHOCWXFExhmUzd8og9n,SHOVVItC8I2cwsmFhGr,SHOhhmTbJ6YfRG3cH7N,SHOB2hgopQzcN7ZDMiw,SHOhjiZIKyVsv0UGaQK,SHOdpKuieFcKfKHhtnD,SHOTSxQgXV8kD9h6On0,SHOGwviJmph6mxeTEym,SHOt1EeV7lxPgsHjCiD,SHOfnXB1OZLtwSRAkt7,SHOey3UOMqBX8DO0rEn,SHOojxLwfIMyV497WEj,SHOnwNsl8TqRuP4pnqj,SHOzTFpZz75cOZOHffW,SHOrZHki31krcTP4KAw,SHOS3OOtqSL6A2zDpXh,SHOizwpnbEwcuMP1gAp,SHO3Hw1QrsZLBSDAwUV,SHOrJ2hIP4NeuSvcylR,SHOAtsgQHxc7uxw3KX3,SHOPh6akeCe6ryoqy3C,SHOgRlfiLbs5X5sT6f6,SHO27N4pogLvwbm22bO,SHOcVZhiPyjSdkFPFMH,SHOTBDbSstJEQqnsYNk,SHOfBHEOseF6yNvJbrV,SHOjh8jeKNOwNlFVhmi,SHOmyBG4pgsG2Pa7urF,SHOgux6PZCPAOpn0BiP,SHOBUaYerLKKZRh5vIB,SHOgDvJMhBi8jwtjn3Q,SHOUAb7vrzXFB3xp8hU,SHOnlFFVXFRF99osdaM</string>
    <string name="flutter.homeRevampRollout">&quot;false&quot;</string>
    <boolean name="flutter.onboardingShown" value="true" />
    <boolean name="flutter.didShowFirstNotificationPrompt" value="true" />
    <boolean name="flutter.trialScreenShown" value="true" />
    <long name="flutter.lastSessionStartTime" value="1758472477165" />
    <string name="flutter.languages">VGhpcyBpcyB0aGUgcHJlZml4IGZvciBhIGxpc3Qu![&quot;Hindi&quot;]</string>
    <string name="flutter.SHOWS_APP_ACTIVATED">true</string>
    <string name="flutter.REELS_APP_L1_ACTIVATED">true</string>
    <string name="flutter.REELS_APP_ACTIVATED">true</string>
    <string name="flutter.SHOWS_APP_L2_ACTIVATED">true</string>
    <string name="flutter.startOnExplore">&quot;false&quot;</string>
</map>
