<?xml version='1.0' encoding='utf-8' standalone='yes' ?>
<map>
    <string name="auid">c3185d63-3f12-435c-aadf-73d19a376aba</string>
    <string name="search_keys">{&quot;success&quot;:&quot;&quot;,&quot;fail&quot;:&quot;&quot;,&quot;searchKeys&quot;:[&quot;market://&quot;,&quot;play.google.com&quot;],&quot;acknowledgeWith&quot;:&quot;acknowledgeMessage&quot;,&quot;declineWith&quot;:&quot;errorTest&quot;}</string>
    <string name="ssaGlobalAppData">{&quot;controllerVersion&quot;:&quot;3031&quot;}</string>
    <string name="version">8.9.1</string>
    <string name="unityads-idfi">ef36ef72-f152-4a66-912e-24608d449278</string>
</map>
