<?xml version='1.0' encoding='utf-8' standalone='yes' ?>
<map>
    <string name="flutter.MIXPANEL_DISTINCT_ID">RwkM8BPEoSVOSJqjPhEOFbVOIkJ2</string>
    <boolean name="flutter.renderHomeV2" value="true" />
    <string name="flutter.countryCode">IN</string>
    <string name="flutter.CAMPAIGN_TYPE">CPT</string>
    <boolean name="flutter.appsflyerDeepLinked" value="true" />
    <string name="flutter.lastSessionId">b3d28c80-970b-11f0-8282-c3b8aefd137b</string>
    <string name="flutter.alternateTrialScreen">&quot;true&quot;</string>
    <string name="flutter.homeRevampRollout">&quot;false&quot;</string>
    <string name="flutter.supportBot">&quot;false&quot;</string>
    <string name="flutter.PREFERRED_LANGUAGE">hi</string>
    <boolean name="flutter.onboardingShown" value="true" />
    <boolean name="flutter.firstSession" value="false" />
    <boolean name="flutter.didShowFirstNotificationPrompt" value="true" />
    <boolean name="flutter.trialScreenShown" value="true" />
    <long name="flutter.lastSessionStartTime" value="1758473696585" />
    <string name="flutter.SUBSCRIPTION_ONLY">true</string>
    <boolean name="flutter.firstTimeLaunch" value="false" />
    <string name="flutter.languages">VGhpcyBpcyB0aGUgcHJlZml4IGZvciBhIGxpc3Qu![&quot;Hindi&quot;]</string>
    <string name="flutter.subscriptionVariant">&quot;D&quot;</string>
    <string name="flutter.startOnExplore">&quot;false&quot;</string>
</map>
