<?xml version='1.0' encoding='utf-8' standalone='yes' ?>
<map>
    <boolean name="Interstitial_CappingManager.IS_PACING_ENABLED_DefaultInterstitial" value="false" />
    <string name="">2,3,5,7,10,14,17,19,22,23,25,27,28,29,42,44,46,53,60,61,62,63,64,70,71,72,80,81,82,83,114,119,128,140,305,402,405,407,408,510,511,514,515,516,517,1000,1001,1002,1003,1005,1006,1010,1022,1023,1071,1113,1202,1203,1220,1285,1301,1302,1303,1320,1321,1322,1503,2001,2002,2003,2004,2005,2006,2022,2023,2032,2203,2204,2300,2301,2303,2320,2321,2322,2503,3008,3009,4001,4002,4005,4008,4009,4020,4021,4022,4110,4111,4112,4119,4300,4306,4500,4501,4502,4510,4511,4520,4521,80001,81002,81003,81010,81011,81040,81041,81050,81051,81060,81061,81072,81073,81074,81075,81300,81314,81318,81319,81321,81322,81323,81500,81510,82002,82003,82010,82011,82040,82041,82050,82051,82060,82061,82070,82071,82072,82073,82074,82075,82300,82301,82302,82314,82321,82322,82500,82510,83003,83004,83006,83007,83051,83314,83513,84050,84312,84313,88000,88003,88004,90044,91000,91002,91003,91213,91220,92003,92213,93111,94001,94002,94005,94009,94111,94300,</string>
    <boolean name="uuidEnabled" value="true" />
    <string name="default_is_trigger_events">14,46,305,510,511,514,516,1002,1003,1005,1006,1010,1203,1301,1302,2003,2004,2005,2006,2204,2300,2301,3008,3009,3110,3116,3501,4005,4009,4501,4502,</string>
    <boolean name="Interstitial_CappingManager.IS_DELIVERY_ENABLED_DefaultInterstitial" value="true" />
    <string name="default_rv_opt_in_events">2,3,5,7,10,14,17,19,22,23,25,27,28,29,42,44,46,53,60,61,62,63,64,70,71,72,80,81,82,83,114,119,128,140,305,402,405,407,408,510,511,514,515,516,517,1000,1001,1002,1003,1005,1006,1010,1022,1023,1071,1113,1202,1203,1220,1285,1301,1302,1303,1320,1321,1322,1503,2001,2002,2003,2004,2005,2006,2022,2023,2032,2203,2204,2300,2301,2303,2320,2321,2322,2503,3008,3009,4001,4002,4005,4008,4009,4020,4021,4022,4110,4111,4112,4119,4300,4306,4500,4501,4502,4510,4511,4520,4521,80001,81002,81003,81010,81011,81040,81041,81050,81051,81060,81061,81072,81073,81074,81075,81300,81314,81318,81319,81321,81322,81323,81500,81510,82002,82003,82010,82011,82040,82041,82050,82051,82060,82061,82070,82071,82072,82073,82074,82075,82300,82301,82302,82314,82321,82322,82500,82510,83003,83004,83006,83007,83051,83314,83513,84050,84312,84313,88000,88003,88004,90044,91000,91002,91003,91213,91220,92003,92213,93111,94001,94002,94005,94009,94111,94300,</string>
    <long name="firstSessionTimestamp" value="1758473701413" />
    <boolean name="Rewarded Video_CappingManager.IS_PACING_ENABLED_DefaultRewardedVideo" value="false" />
    <string name="default_is_events_url">https://o-sdk.mediation.unity3d.com/mediation?adFormat=2&amp;appKey=21354f465</string>
    <boolean name="Interstitial_CappingManager.IS_CAPPING_ENABLED_DefaultInterstitial" value="false" />
    <boolean name="Rewarded Video_CappingManager.IS_CAPPING_ENABLED_DefaultRewardedVideo" value="false" />
    <int name="sessionNumber" value="1" />
    <boolean name="Rewarded Video_CappingManager.IS_DELIVERY_ENABLED_DefaultRewardedVideo" value="true" />
    <string name="default_rv_events_url">https://o-sdk.mediation.unity3d.com/mediation?adFormat=3&amp;appKey=21354f465&amp;compression=true</string>
    <string name="default_pxl_events_url">https://o-sdk.mediation.unity3d.com/mediation?adFormat=3&amp;appKey=21354f465</string>
    <string name="last_response">{&quot;appKey&quot;:&quot;21354f465&quot;,&quot;userId&quot;:&quot;&quot;,&quot;response&quot;:{&quot;providerOrder&quot;:{&quot;interstitial&quot;:{&quot;l2ndjrq54ehudpbd&quot;:[&quot;IronSource_23275967&quot;],&quot;external&quot;:[&quot;IronSource_23275967&quot;]},&quot;rewarded&quot;:{&quot;6zzqx6hjz322equi&quot;:[&quot;IronSource_23275966&quot;],&quot;external&quot;:[&quot;IronSource_23275966&quot;]}},&quot;providerSettings&quot;:{&quot;SupersonicAds&quot;:{&quot;application&quot;:{&quot;controllerUrl&quot;:&quot;https:\/\/cdn.iads.unity3d.com\/mobileSDKController\/mobileController.html&quot;,&quot;controllerConfig&quot;:{&quot;applicationKey&quot;:&quot;21354f465&quot;,&quot;country&quot;:&quot;IN&quot;,&quot;auid&quot;:&quot;cf0c9d2d-e6d0-482e-a58f-22b805fb9ee3&quot;,&quot;getInventoryOnInit&quot;:false,&quot;precacheMobileOfferWall&quot;:true,&quot;owRefreshInterval&quot;:10,&quot;cacheConfig&quot;:{&quot;testName&quot;:&quot;adLevelCachedEnabled&quot;,&quot;adLevelCache&quot;:true,&quot;adLevelCacheGroup&quot;:156,&quot;adLevelCacheTimeout&quot;:30,&quot;maxAdsToSaveInCache&quot;:30},&quot;networkConfig&quot;:{&quot;init&quot;:{&quot;ready&quot;:&quot;controllerJS&quot;},&quot;events&quot;:{&quot;enabled&quot;:false,&quot;endpoint&quot;:&quot;https:\/\/ae.iads.unity3d.com\/logs&quot;,&quot;httpMethod&quot;:&quot;GET&quot;,&quot;disabledEventsObj&quot;:{&quot;cbtInit&quot;:{},&quot;noFill&quot;:{},&quot;clusterSelected&quot;:{},&quot;initAd&quot;:{},&quot;loadRequest&quot;:{},&quot;reportCtrlReady&quot;:{},&quot;reportCurrentHtmlController&quot;:{}}},&quot;storage&quot;:{&quot;useCacheDir&quot;:true},&quot;addTokenKeysToPayload&quot;:[&quot;bt&quot;,&quot;ut&quot;,&quot;uts&quot;,&quot;lpm&quot;,&quot;tz&quot;,&quot;icc&quot;,&quot;asid&quot;,&quot;stid&quot;,&quot;cnst&quot;,&quot;tcs&quot;,&quot;tca&quot;,&quot;cmp&quot;,&quot;conntr&quot;,&quot;cnstisn&quot;,&quot;idfi&quot;],&quot;controllerSourceStrategy&quot;:2,&quot;healthCheck&quot;:{&quot;enable&quot;:false},&quot;executeFromBackground&quot;:[&quot;controller&quot;,&quot;doBnMakeAuction&quot;],&quot;features&quot;:{&quot;htmlReporting&quot;:{&quot;reportCtrlReadyEvent&quot;:true},&quot;privacyLinkUrl&quot;:&quot;https:\/\/cdn.iads.unity3d.com\/privacy-policy\/privacypolicy.html?data=[data]&quot;,&quot;refreshInterval&quot;:0,&quot;clickTrigger&quot;:2,&quot;MP&quot;:{&quot;clickTrigger&quot;:2,&quot;simpleOverlaySettings&quot;:{&quot;fullyClickable&quot;:true},&quot;2EC&quot;:{&quot;DEC&quot;:2,&quot;DECT&quot;:0},&quot;reportAdSessionEnded&quot;:false,&quot;cta&quot;:{&quot;enable&quot;:false},&quot;enableQt&quot;:false,&quot;addExtraMPDataToEvent&quot;:true,&quot;aecsk&quot;:{&quot;d&quot;:0,&quot;cd&quot;:900000,&quot;qt&quot;:900000,&quot;lf&quot;:true},&quot;bcd&quot;:0}},&quot;browser&quot;:{&quot;limitations&quot;:[{&quot;name&quot;:&quot;chrome&quot;,&quot;version&quot;:54}]},&quot;prodDomains&quot;:[&quot;networksdk.ssacdn.com&quot;,&quot;cdn.iads.unity3d.com&quot;],&quot;chinaProdDomains&quot;:[&quot;scc.ssacdn.com&quot;,&quot;scc.ssadscdn.cn&quot;,&quot;cdn.iads.unitychina.cn&quot;],&quot;adLoadedTimeout&quot;:20000,&quot;controllerBackground&quot;:true,&quot;doBnMakeAuctionBackground&quot;:true,&quot;bidLimit&quot;:{&quot;loadFailuresThreshold&quot;:2,&quot;consecutive&quot;:true},&quot;enableLifeCycleListeners&quot;:true},&quot;fpf&quot;:&quot;14&quot;,&quot;isSecured&quot;:true,&quot;omidEnabled&quot;:true,&quot;interstitial&quot;:{&quot;startVideoOnMute&quot;:false,&quot;shouldFetchNewFeedOnAdClose&quot;:true,&quot;DEC&quot;:6,&quot;DECT&quot;:1,&quot;2EC&quot;:{&quot;DEC&quot;:2,&quot;DECT&quot;:-1}},&quot;fetchFeedTimeout&quot;:10,&quot;epConfig&quot;:{&quot;ett&quot;:[2147483912,62168]},&quot;controllerABValue&quot;:&quot;13&quot;,&quot;bidLimit&quot;:{&quot;loadFailuresThreshold&quot;:2,&quot;consecutive&quot;:true},&quot;oneToken&quot;:true,&quot;enableLifeCycleListeners&quot;:true,&quot;med_ver&quot;:&quot;8.9.1&quot;,&quot;instancesMap&quot;:{&quot;interstitial&quot;:[{&quot;demandGroupName&quot;:&quot;IronSource&quot;,&quot;instances&quot;:[&quot;IronSource_23275967&quot;]}],&quot;rewarded&quot;:[{&quot;demandGroupName&quot;:&quot;IronSource&quot;,&quot;instances&quot;:[&quot;IronSource_23275966&quot;]}]},&quot;rewarded&quot;:{&quot;startVideoOnMute&quot;:false,&quot;shouldFetchNewFeedOnAdClose&quot;:true,&quot;DEC&quot;:6,&quot;DECT&quot;:1,&quot;2EC&quot;:{&quot;DEC&quot;:2,&quot;DECT&quot;:-1}}}},&quot;adSourceName&quot;:&quot;SupersonicAds&quot;,&quot;providerNetworkKey&quot;:&quot;IronSource&quot;},&quot;IronSource_23275966&quot;:{&quot;providerLoadName&quot;:&quot;IronSource&quot;,&quot;spId&quot;:&quot;23275966&quot;,&quot;providerNetworkKey&quot;:&quot;IronSource&quot;,&quot;adSourceName&quot;:&quot;IronSource_23275966&quot;,&quot;mpis&quot;:true,&quot;adFormats&quot;:{&quot;rewarded&quot;:{&quot;instanceType&quot;:2,&quot;isDefault&quot;:true,&quot;deleted&quot;:0,&quot;demandSourceTypeId&quot;:&quot;1&quot;,&quot;showXButtonDuringVideoRV&quot;:0,&quot;disableBrandsActivityRv&quot;:0,&quot;maxAdsPerSession&quot;:99,&quot;demandSourceName&quot;:&quot;IronSource_23275966&quot;,&quot;isSupportedLWS&quot;:true,&quot;controllerUrl&quot;:&quot;https:\/\/cdn.iads.unity3d.com\/mobileSDKController\/mobileController.html&quot;,&quot;controllerConfig&quot;:{&quot;applicationKey&quot;:&quot;21354f465&quot;,&quot;country&quot;:&quot;IN&quot;,&quot;auid&quot;:&quot;cf0c9d2d-e6d0-482e-a58f-22b805fb9ee3&quot;,&quot;getInventoryOnInit&quot;:false,&quot;precacheMobileOfferWall&quot;:true,&quot;owRefreshInterval&quot;:10,&quot;cacheConfig&quot;:{&quot;testName&quot;:&quot;adLevelCachedEnabled&quot;,&quot;adLevelCache&quot;:true,&quot;adLevelCacheGroup&quot;:156,&quot;adLevelCacheTimeout&quot;:30,&quot;maxAdsToSaveInCache&quot;:30},&quot;networkConfig&quot;:{&quot;init&quot;:{&quot;ready&quot;:&quot;controllerJS&quot;},&quot;events&quot;:{&quot;enabled&quot;:false,&quot;endpoint&quot;:&quot;https:\/\/ae.iads.unity3d.com\/logs&quot;,&quot;httpMethod&quot;:&quot;GET&quot;,&quot;disabledEventsObj&quot;:{&quot;cbtInit&quot;:{},&quot;noFill&quot;:{},&quot;clusterSelected&quot;:{},&quot;initAd&quot;:{},&quot;loadRequest&quot;:{},&quot;reportCtrlReady&quot;:{},&quot;reportCurrentHtmlController&quot;:{}}},&quot;storage&quot;:{&quot;useCacheDir&quot;:true},&quot;addTokenKeysToPayload&quot;:[&quot;bt&quot;,&quot;ut&quot;,&quot;uts&quot;,&quot;lpm&quot;,&quot;tz&quot;,&quot;icc&quot;,&quot;asid&quot;,&quot;stid&quot;,&quot;cnst&quot;,&quot;tcs&quot;,&quot;tca&quot;,&quot;cmp&quot;,&quot;conntr&quot;,&quot;cnstisn&quot;,&quot;idfi&quot;],&quot;controllerSourceStrategy&quot;:2,&quot;healthCheck&quot;:{&quot;enable&quot;:false},&quot;executeFromBackground&quot;:[&quot;controller&quot;,&quot;doBnMakeAuction&quot;],&quot;features&quot;:{&quot;htmlReporting&quot;:{&quot;reportCtrlReadyEvent&quot;:true},&quot;privacyLinkUrl&quot;:&quot;https:\/\/cdn.iads.unity3d.com\/privacy-policy\/privacypolicy.html?data=[data]&quot;,&quot;refreshInterval&quot;:0,&quot;clickTrigger&quot;:2,&quot;MP&quot;:{&quot;clickTrigger&quot;:2,&quot;simpleOverlaySettings&quot;:{&quot;fullyClickable&quot;:true},&quot;2EC&quot;:{&quot;DEC&quot;:2,&quot;DECT&quot;:0},&quot;reportAdSessionEnded&quot;:false,&quot;cta&quot;:{&quot;enable&quot;:false},&quot;enableQt&quot;:false,&quot;addExtraMPDataToEvent&quot;:true,&quot;aecsk&quot;:{&quot;d&quot;:0,&quot;cd&quot;:900000,&quot;qt&quot;:900000,&quot;lf&quot;:true},&quot;bcd&quot;:0}},&quot;browser&quot;:{&quot;limitations&quot;:[{&quot;name&quot;:&quot;chrome&quot;,&quot;version&quot;:54}]},&quot;prodDomains&quot;:[&quot;networksdk.ssacdn.com&quot;,&quot;cdn.iads.unity3d.com&quot;],&quot;chinaProdDomains&quot;:[&quot;scc.ssacdn.com&quot;,&quot;scc.ssadscdn.cn&quot;,&quot;cdn.iads.unitychina.cn&quot;],&quot;adLoadedTimeout&quot;:20000,&quot;controllerBackground&quot;:true,&quot;doBnMakeAuctionBackground&quot;:true,&quot;bidLimit&quot;:{&quot;loadFailuresThreshold&quot;:2,&quot;consecutive&quot;:true},&quot;enableLifeCycleListeners&quot;:true},&quot;fpf&quot;:&quot;14&quot;,&quot;isSecured&quot;:true,&quot;omidEnabled&quot;:true,&quot;interstitial&quot;:{&quot;startVideoOnMute&quot;:false,&quot;shouldFetchNewFeedOnAdClose&quot;:true,&quot;DEC&quot;:6,&quot;DECT&quot;:1,&quot;2EC&quot;:{&quot;DEC&quot;:2,&quot;DECT&quot;:-1}},&quot;fetchFeedTimeout&quot;:10,&quot;epConfig&quot;:{&quot;ett&quot;:[2147483912,62168]},&quot;controllerABValue&quot;:&quot;13&quot;,&quot;bidLimit&quot;:{&quot;loadFailuresThreshold&quot;:2,&quot;consecutive&quot;:true},&quot;oneToken&quot;:true,&quot;enableLifeCycleListeners&quot;:true,&quot;med_ver&quot;:&quot;8.9.1&quot;,&quot;instancesMap&quot;:{&quot;interstitial&quot;:[{&quot;demandGroupName&quot;:&quot;IronSource&quot;,&quot;instances&quot;:[&quot;IronSource_23275967&quot;]}],&quot;rewarded&quot;:[{&quot;demandGroupName&quot;:&quot;IronSource&quot;,&quot;instances&quot;:[&quot;IronSource_23275966&quot;]}]},&quot;rewarded&quot;:{&quot;startVideoOnMute&quot;:false,&quot;shouldFetchNewFeedOnAdClose&quot;:true,&quot;DEC&quot;:6,&quot;DECT&quot;:1,&quot;2EC&quot;:{&quot;DEC&quot;:2,&quot;DECT&quot;:-1}}}}}},&quot;IronSource_23275967&quot;:{&quot;providerLoadName&quot;:&quot;IronSource&quot;,&quot;spId&quot;:&quot;23275967&quot;,&quot;providerNetworkKey&quot;:&quot;IronSource&quot;,&quot;adSourceName&quot;:&quot;IronSource_23275967&quot;,&quot;mpis&quot;:true,&quot;adFormats&quot;:{&quot;interstitial&quot;:{&quot;instanceType&quot;:2,&quot;isDefault&quot;:true,&quot;deleted&quot;:0,&quot;demandSourceTypeId&quot;:&quot;1&quot;,&quot;interstitialXButtonBehaviour&quot;:&quot;0&quot;,&quot;isSkipInTime&quot;:&quot;7&quot;,&quot;disableBrandsActivityIs&quot;:0,&quot;maxAdsPerSession&quot;:99,&quot;demandSourceName&quot;:&quot;IronSource_23275967&quot;,&quot;controllerUrl&quot;:&quot;https:\/\/cdn.iads.unity3d.com\/mobileSDKController\/mobileController.html&quot;,&quot;controllerConfig&quot;:{&quot;applicationKey&quot;:&quot;21354f465&quot;,&quot;country&quot;:&quot;IN&quot;,&quot;auid&quot;:&quot;cf0c9d2d-e6d0-482e-a58f-22b805fb9ee3&quot;,&quot;getInventoryOnInit&quot;:false,&quot;precacheMobileOfferWall&quot;:true,&quot;owRefreshInterval&quot;:10,&quot;cacheConfig&quot;:{&quot;testName&quot;:&quot;adLevelCachedEnabled&quot;,&quot;adLevelCache&quot;:true,&quot;adLevelCacheGroup&quot;:156,&quot;adLevelCacheTimeout&quot;:30,&quot;maxAdsToSaveInCache&quot;:30},&quot;networkConfig&quot;:{&quot;init&quot;:{&quot;ready&quot;:&quot;controllerJS&quot;},&quot;events&quot;:{&quot;enabled&quot;:false,&quot;endpoint&quot;:&quot;https:\/\/ae.iads.unity3d.com\/logs&quot;,&quot;httpMethod&quot;:&quot;GET&quot;,&quot;disabledEventsObj&quot;:{&quot;cbtInit&quot;:{},&quot;noFill&quot;:{},&quot;clusterSelected&quot;:{},&quot;initAd&quot;:{},&quot;loadRequest&quot;:{},&quot;reportCtrlReady&quot;:{},&quot;reportCurrentHtmlController&quot;:{}}},&quot;storage&quot;:{&quot;useCacheDir&quot;:true},&quot;addTokenKeysToPayload&quot;:[&quot;bt&quot;,&quot;ut&quot;,&quot;uts&quot;,&quot;lpm&quot;,&quot;tz&quot;,&quot;icc&quot;,&quot;asid&quot;,&quot;stid&quot;,&quot;cnst&quot;,&quot;tcs&quot;,&quot;tca&quot;,&quot;cmp&quot;,&quot;conntr&quot;,&quot;cnstisn&quot;,&quot;idfi&quot;],&quot;controllerSourceStrategy&quot;:2,&quot;healthCheck&quot;:{&quot;enable&quot;:false},&quot;executeFromBackground&quot;:[&quot;controller&quot;,&quot;doBnMakeAuction&quot;],&quot;features&quot;:{&quot;htmlReporting&quot;:{&quot;reportCtrlReadyEvent&quot;:true},&quot;privacyLinkUrl&quot;:&quot;https:\/\/cdn.iads.unity3d.com\/privacy-policy\/privacypolicy.html?data=[data]&quot;,&quot;refreshInterval&quot;:0,&quot;clickTrigger&quot;:2,&quot;MP&quot;:{&quot;clickTrigger&quot;:2,&quot;simpleOverlaySettings&quot;:{&quot;fullyClickable&quot;:true},&quot;2EC&quot;:{&quot;DEC&quot;:2,&quot;DECT&quot;:0},&quot;reportAdSessionEnded&quot;:false,&quot;cta&quot;:{&quot;enable&quot;:false},&quot;enableQt&quot;:false,&quot;addExtraMPDataToEvent&quot;:true,&quot;aecsk&quot;:{&quot;d&quot;:0,&quot;cd&quot;:900000,&quot;qt&quot;:900000,&quot;lf&quot;:true},&quot;bcd&quot;:0}},&quot;browser&quot;:{&quot;limitations&quot;:[{&quot;name&quot;:&quot;chrome&quot;,&quot;version&quot;:54}]},&quot;prodDomains&quot;:[&quot;networksdk.ssacdn.com&quot;,&quot;cdn.iads.unity3d.com&quot;],&quot;chinaProdDomains&quot;:[&quot;scc.ssacdn.com&quot;,&quot;scc.ssadscdn.cn&quot;,&quot;cdn.iads.unitychina.cn&quot;],&quot;adLoadedTimeout&quot;:20000,&quot;controllerBackground&quot;:true,&quot;doBnMakeAuctionBackground&quot;:true,&quot;bidLimit&quot;:{&quot;loadFailuresThreshold&quot;:2,&quot;consecutive&quot;:true},&quot;enableLifeCycleListeners&quot;:true},&quot;fpf&quot;:&quot;14&quot;,&quot;isSecured&quot;:true,&quot;omidEnabled&quot;:true,&quot;interstitial&quot;:{&quot;startVideoOnMute&quot;:false,&quot;shouldFetchNewFeedOnAdClose&quot;:true,&quot;DEC&quot;:6,&quot;DECT&quot;:1,&quot;2EC&quot;:{&quot;DEC&quot;:2,&quot;DECT&quot;:-1}},&quot;fetchFeedTimeout&quot;:10,&quot;epConfig&quot;:{&quot;ett&quot;:[2147483912,62168]},&quot;controllerABValue&quot;:&quot;13&quot;,&quot;bidLimit&quot;:{&quot;loadFailuresThreshold&quot;:2,&quot;consecutive&quot;:true},&quot;oneToken&quot;:true,&quot;enableLifeCycleListeners&quot;:true,&quot;med_ver&quot;:&quot;8.9.1&quot;,&quot;instancesMap&quot;:{&quot;interstitial&quot;:[{&quot;demandGroupName&quot;:&quot;IronSource&quot;,&quot;instances&quot;:[&quot;IronSource_23275967&quot;]}],&quot;rewarded&quot;:[{&quot;demandGroupName&quot;:&quot;IronSource&quot;,&quot;instances&quot;:[&quot;IronSource_23275966&quot;]}]},&quot;rewarded&quot;:{&quot;startVideoOnMute&quot;:false,&quot;shouldFetchNewFeedOnAdClose&quot;:true,&quot;DEC&quot;:6,&quot;DECT&quot;:1,&quot;2EC&quot;:{&quot;DEC&quot;:2,&quot;DECT&quot;:-1}}}}}},&quot;IronSource&quot;:{&quot;application&quot;:{&quot;controllerUrl&quot;:&quot;https:\/\/cdn.iads.unity3d.com\/mobileSDKController\/mobileController.html&quot;,&quot;controllerConfig&quot;:{&quot;applicationKey&quot;:&quot;21354f465&quot;,&quot;country&quot;:&quot;IN&quot;,&quot;auid&quot;:&quot;cf0c9d2d-e6d0-482e-a58f-22b805fb9ee3&quot;,&quot;getInventoryOnInit&quot;:false,&quot;precacheMobileOfferWall&quot;:true,&quot;owRefreshInterval&quot;:10,&quot;cacheConfig&quot;:{&quot;testName&quot;:&quot;adLevelCachedEnabled&quot;,&quot;adLevelCache&quot;:true,&quot;adLevelCacheGroup&quot;:156,&quot;adLevelCacheTimeout&quot;:30,&quot;maxAdsToSaveInCache&quot;:30},&quot;networkConfig&quot;:{&quot;init&quot;:{&quot;ready&quot;:&quot;controllerJS&quot;},&quot;events&quot;:{&quot;enabled&quot;:false,&quot;endpoint&quot;:&quot;https:\/\/ae.iads.unity3d.com\/logs&quot;,&quot;httpMethod&quot;:&quot;GET&quot;,&quot;disabledEventsObj&quot;:{&quot;cbtInit&quot;:{},&quot;noFill&quot;:{},&quot;clusterSelected&quot;:{},&quot;initAd&quot;:{},&quot;loadRequest&quot;:{},&quot;reportCtrlReady&quot;:{},&quot;reportCurrentHtmlController&quot;:{}}},&quot;storage&quot;:{&quot;useCacheDir&quot;:true},&quot;addTokenKeysToPayload&quot;:[&quot;bt&quot;,&quot;ut&quot;,&quot;uts&quot;,&quot;lpm&quot;,&quot;tz&quot;,&quot;icc&quot;,&quot;asid&quot;,&quot;stid&quot;,&quot;cnst&quot;,&quot;tcs&quot;,&quot;tca&quot;,&quot;cmp&quot;,&quot;conntr&quot;,&quot;cnstisn&quot;,&quot;idfi&quot;],&quot;controllerSourceStrategy&quot;:2,&quot;healthCheck&quot;:{&quot;enable&quot;:false},&quot;executeFromBackground&quot;:[&quot;controller&quot;,&quot;doBnMakeAuction&quot;],&quot;features&quot;:{&quot;htmlReporting&quot;:{&quot;reportCtrlReadyEvent&quot;:true},&quot;privacyLinkUrl&quot;:&quot;https:\/\/cdn.iads.unity3d.com\/privacy-policy\/privacypolicy.html?data=[data]&quot;,&quot;refreshInterval&quot;:0,&quot;clickTrigger&quot;:2,&quot;MP&quot;:{&quot;clickTrigger&quot;:2,&quot;simpleOverlaySettings&quot;:{&quot;fullyClickable&quot;:true},&quot;2EC&quot;:{&quot;DEC&quot;:2,&quot;DECT&quot;:0},&quot;reportAdSessionEnded&quot;:false,&quot;cta&quot;:{&quot;enable&quot;:false},&quot;enableQt&quot;:false,&quot;addExtraMPDataToEvent&quot;:true,&quot;aecsk&quot;:{&quot;d&quot;:0,&quot;cd&quot;:900000,&quot;qt&quot;:900000,&quot;lf&quot;:true},&quot;bcd&quot;:0}},&quot;browser&quot;:{&quot;limitations&quot;:[{&quot;name&quot;:&quot;chrome&quot;,&quot;version&quot;:54}]},&quot;prodDomains&quot;:[&quot;networksdk.ssacdn.com&quot;,&quot;cdn.iads.unity3d.com&quot;],&quot;chinaProdDomains&quot;:[&quot;scc.ssacdn.com&quot;,&quot;scc.ssadscdn.cn&quot;,&quot;cdn.iads.unitychina.cn&quot;],&quot;adLoadedTimeout&quot;:20000,&quot;controllerBackground&quot;:true,&quot;doBnMakeAuctionBackground&quot;:true,&quot;bidLimit&quot;:{&quot;loadFailuresThreshold&quot;:2,&quot;consecutive&quot;:true},&quot;enableLifeCycleListeners&quot;:true},&quot;fpf&quot;:&quot;14&quot;,&quot;isSecured&quot;:true,&quot;omidEnabled&quot;:true,&quot;interstitial&quot;:{&quot;startVideoOnMute&quot;:false,&quot;shouldFetchNewFeedOnAdClose&quot;:true,&quot;DEC&quot;:6,&quot;DECT&quot;:1,&quot;2EC&quot;:{&quot;DEC&quot;:2,&quot;DECT&quot;:-1}},&quot;fetchFeedTimeout&quot;:10,&quot;epConfig&quot;:{&quot;ett&quot;:[2147483912,62168]},&quot;controllerABValue&quot;:&quot;13&quot;,&quot;bidLimit&quot;:{&quot;loadFailuresThreshold&quot;:2,&quot;consecutive&quot;:true},&quot;oneToken&quot;:true,&quot;enableLifeCycleListeners&quot;:true,&quot;med_ver&quot;:&quot;8.9.1&quot;,&quot;instancesMap&quot;:{&quot;interstitial&quot;:[{&quot;demandGroupName&quot;:&quot;IronSource&quot;,&quot;instances&quot;:[&quot;IronSource_23275967&quot;]}],&quot;rewarded&quot;:[{&quot;demandGroupName&quot;:&quot;IronSource&quot;,&quot;instances&quot;:[&quot;IronSource_23275966&quot;]}]},&quot;rewarded&quot;:{&quot;startVideoOnMute&quot;:false,&quot;shouldFetchNewFeedOnAdClose&quot;:true,&quot;DEC&quot;:6,&quot;DECT&quot;:1,&quot;2EC&quot;:{&quot;DEC&quot;:2,&quot;DECT&quot;:-1}}}},&quot;adSourceName&quot;:&quot;IronSource&quot;,&quot;providerNetworkKey&quot;:&quot;IronSource&quot;,&quot;mpis&quot;:true}},&quot;configurations&quot;:{&quot;application&quot;:{&quot;loggers&quot;:{&quot;server&quot;:3,&quot;publisher&quot;:3,&quot;console&quot;:3},&quot;events&quot;:{&quot;sendUltraEvents&quot;:false,&quot;sendEventsToggle&quot;:true,&quot;serverEventsURL&quot;:&quot;https:\/\/o-sdk.mediation.unity3d.com\/mediation?adFormat=3&amp;appKey=21354f465&amp;compression=true&quot;,&quot;backupThreshold&quot;:2,&quot;maxNumberOfEvents&quot;:5,&quot;pixel&quot;:{&quot;pixelEventsUrl&quot;:&quot;https:\/\/o-sdk.mediation.unity3d.com\/mediation?adFormat=3&amp;appKey=21354f465&quot;},&quot;triggerEvents&quot;:[14,46,305,510,511,514,516,1002,1003,1005,1006,1010,1203,1301,1302,2003,2004,2005,2006,2204,2300,2301,3008,3009,3110,3116,3501,4005,4009,4501,4502],&quot;optIn&quot;:[2,3,5,7,10,14,17,19,22,23,25,27,28,29,42,44,46,53,60,61,62,63,64,70,71,72,80,81,82,83,114,119,128,140,305,402,405,407,408,510,511,514,515,516,517,1000,1001,1002,1003,1005,1006,1010,1022,1023,1071,1113,1202,1203,1220,1285,1301,1302,1303,1320,1321,1322,1503,2001,2002,2003,2004,2005,2006,2022,2023,2032,2203,2204,2300,2301,2303,2320,2321,2322,2503,3008,3009,4001,4002,4005,4008,4009,4020,4021,4022,4110,4111,4112,4119,4300,4306,4500,4501,4502,4510,4511,4520,4521,80001,81002,81003,81010,81011,81040,81041,81050,81051,81060,81061,81072,81073,81074,81075,81300,81314,81318,81319,81321,81322,81323,81500,81510,82002,82003,82010,82011,82040,82041,82050,82051,82060,82061,82070,82071,82072,82073,82074,82075,82300,82301,82302,82314,82321,82322,82500,82510,83003,83004,83006,83007,83051,83314,83513,84050,84312,84313,88000,88003,88004,90044,91000,91002,91003,91213,91220,92003,92213,93111,94001,94002,94005,94009,94111,94300],&quot;abt&quot;:&quot;A&quot;,&quot;eventsCompression&quot;:true,&quot;eventsCompressionLevel&quot;:9,&quot;genericParams&quot;:{&quot;groupIdNT&quot;:&quot;6003311&quot;,&quot;groupNameNT&quot;:&quot;All Countries&quot;,&quot;groupIdRV&quot;:&quot;6003308&quot;,&quot;groupNameRV&quot;:&quot;All Countries&quot;,&quot;groupIdIS&quot;:&quot;6003309&quot;,&quot;groupNameIS&quot;:&quot;All Countries&quot;,&quot;groupIdBN&quot;:&quot;6003310&quot;,&quot;groupNameBN&quot;:&quot;All Countries&quot;,&quot;is_coppa&quot;:&quot;false&quot;,&quot;abHashValue&quot;:&quot;0&quot;,&quot;controllerABValue&quot;:&quot;13&quot;,&quot;bannerSampling&quot;:&quot;false&quot;,&quot;bannerSamplingMultiplier&quot;:&quot;10&quot;,&quot;abGroup&quot;:&quot;NONE&quot;,&quot;usStates&quot;:&quot;[\&quot;KL\&quot;]&quot;,&quot;adqv&quot;:&quot;7.25.2&quot;,&quot;ett&quot;:&quot;62168&quot;,&quot;abInternal&quot;:&quot;62168&quot;,&quot;serverInitTimestamp&quot;:&quot;1758473704023&quot;,&quot;internalTestId&quot;:{}}},&quot;settings&quot;:{&quot;externalArmEventsUrl&quot;:&quot;https:\/\/o-ext.mediation.unity3d.com\/aemData&quot;,&quot;uaeh&quot;:168,&quot;sharedThreadPool&quot;:false,&quot;epConfig&quot;:{&quot;ett&quot;:[2147483912,62168]}},&quot;token&quot;:{&quot;oneToken&quot;:true,&quot;tokenGenericParams&quot;:{&quot;coppa&quot;:&quot;false&quot;,&quot;epConfig&quot;:{&quot;ett&quot;:[&quot;2147483912&quot;,&quot;62168&quot;]}}},&quot;external&quot;:{&quot;mediationTypes&quot;:{&quot;com.applovin.mediation.adapters.IronSourceMediationAdapter&quot;:&quot;MAX&quot;}},&quot;auction&quot;:{&quot;interstitial&quot;:{&quot;programmatic&quot;:true,&quot;minTimeBeforeFirstAuction&quot;:2000,&quot;objectPerWaterfall&quot;:true},&quot;auctioneerURL&quot;:&quot;https:\/\/gw1.mediation.unity3d.com\/auction?appKey=21354f465&amp;SDKVersion=8.9.1&amp;initCountry=IN&amp;platform=android&amp;compressRequest=true&amp;compressResponse=true&quot;,&quot;auctionTrials&quot;:1,&quot;auctionTimeout&quot;:10000,&quot;auctionSavedHistory&quot;:32,&quot;banner&quot;:{&quot;programmatic&quot;:true,&quot;minTimeBeforeFirstAuction&quot;:2000,&quot;objectPerWaterfall&quot;:false},&quot;compressAuctionRequest&quot;:true,&quot;compressAuctionResponse&quot;:true,&quot;extAuctioneerURL&quot;:&quot;https:\/\/gw-ext.mediation.unity3d.com\/auction?appKey=21354f465&amp;SDKVersion=8.9.1&amp;initCountry=IN&amp;platform=android&amp;compressRequest=true&amp;compressResponse=true&quot;,&quot;nativeAd&quot;:{&quot;programmatic&quot;:false,&quot;minTimeBeforeFirstAuction&quot;:2000},&quot;rewarded&quot;:{&quot;programmatic&quot;:true,&quot;minTimeBeforeFirstAuction&quot;:2000,&quot;auctionRetryInterval&quot;:30000,&quot;timeToWaitBeforeAuction&quot;:2500,&quot;isAuctionOnShowStart&quot;:true,&quot;isLoadWhileShow&quot;:true,&quot;timeToDeleteOldWaterfallAfterAuction&quot;:30000,&quot;timeToWaitBeforeLoad&quot;:50,&quot;objectPerWaterfall&quot;:false},&quot;auctionData&quot;:&quot;{\&quot;abInternal\&quot;:\&quot;62168\&quot;,\&quot;internalTestId\&quot;:{},\&quot;bidderInstances\&quot;:{},\&quot;country\&quot;:\&quot;IN\&quot;,\&quot;abt\&quot;:\&quot;A\&quot;,\&quot;usStates\&quot;:[\&quot;KL\&quot;],\&quot;isMultiBin\&quot;:true,\&quot;isMultipleAdUnits\&quot;:true,\&quot;abTestGroup\&quot;:null,\&quot;pluginType\&quot;:\&quot;\&quot;,\&quot;pluginVersion\&quot;:\&quot;\&quot;,\&quot;plugin_fw_v\&quot;:\&quot;\&quot;,\&quot;coppa\&quot;:false,\&quot;epConfig\&quot;:{\&quot;ett\&quot;:[2147483912,62168]},\&quot;dynamicLoad\&quot;:{\&quot;4\&quot;:false,\&quot;9\&quot;:false,\&quot;33\&quot;:true,\&quot;40\&quot;:false}}&quot;}},&quot;AdQuality&quot;:{&quot;initMode&quot;:1},&quot;adFormats&quot;:{&quot;interstitial&quot;:{&quot;events&quot;:{&quot;sendUltraEvents&quot;:false,&quot;serverEventsURL&quot;:&quot;https:\/\/o-sdk.mediation.unity3d.com\/mediation?adFormat=2&amp;appKey=21354f465&quot;,&quot;sendEventsToggle&quot;:true,&quot;backupThreshold&quot;:2,&quot;maxNumberOfEvents&quot;:5,&quot;pixel&quot;:{&quot;pixelEventsUrl&quot;:&quot;https:\/\/o-sdk.mediation.unity3d.com\/mediation?adFormat=3&amp;appKey=21354f465&quot;},&quot;triggerEvents&quot;:[14,46,305,510,511,514,516,1002,1003,1005,1006,1010,1203,1301,1302,2003,2004,2005,2006,2204,2300,2301,3008,3009,3110,3116,3501,4005,4009,4501,4502],&quot;optIn&quot;:[2,3,5,7,10,14,17,19,22,23,25,27,28,29,42,44,46,53,60,61,62,63,64,70,71,72,80,81,82,83,114,119,128,140,305,402,405,407,408,510,511,514,515,516,517,1000,1001,1002,1003,1005,1006,1010,1022,1023,1071,1113,1202,1203,1220,1285,1301,1302,1303,1320,1321,1322,1503,2001,2002,2003,2004,2005,2006,2022,2023,2032,2203,2204,2300,2301,2303,2320,2321,2322,2503,3008,3009,4001,4002,4005,4008,4009,4020,4021,4022,4110,4111,4112,4119,4300,4306,4500,4501,4502,4510,4511,4520,4521,80001,81002,81003,81010,81011,81040,81041,81050,81051,81060,81061,81072,81073,81074,81075,81300,81314,81318,81319,81321,81322,81323,81500,81510,82002,82003,82010,82011,82040,82041,82050,82051,82060,82061,82070,82071,82072,82073,82074,82075,82300,82301,82302,82314,82321,82322,82500,82510,83003,83004,83006,83007,83051,83314,83513,84050,84312,84313,88000,88003,88004,90044,91000,91002,91003,91213,91220,92003,92213,93111,94001,94002,94005,94009,94111,94300],&quot;abt&quot;:&quot;A&quot;,&quot;eventsCompression&quot;:true,&quot;eventsCompressionLevel&quot;:9,&quot;genericParams&quot;:{&quot;groupIdNT&quot;:&quot;6003311&quot;,&quot;groupNameNT&quot;:&quot;All Countries&quot;,&quot;groupIdRV&quot;:&quot;6003308&quot;,&quot;groupNameRV&quot;:&quot;All Countries&quot;,&quot;groupIdIS&quot;:&quot;6003309&quot;,&quot;groupNameIS&quot;:&quot;All Countries&quot;,&quot;groupIdBN&quot;:&quot;6003310&quot;,&quot;groupNameBN&quot;:&quot;All Countries&quot;,&quot;is_coppa&quot;:&quot;false&quot;,&quot;abHashValue&quot;:&quot;0&quot;,&quot;controllerABValue&quot;:&quot;13&quot;,&quot;bannerSampling&quot;:&quot;false&quot;,&quot;bannerSamplingMultiplier&quot;:&quot;10&quot;,&quot;abGroup&quot;:&quot;NONE&quot;,&quot;usStates&quot;:&quot;[\&quot;KL\&quot;]&quot;,&quot;adqv&quot;:&quot;7.25.2&quot;,&quot;ett&quot;:&quot;62168&quot;,&quot;abInternal&quot;:&quot;62168&quot;,&quot;serverInitTimestamp&quot;:&quot;1758473704023&quot;,&quot;internalTestId&quot;:{}}},&quot;maxNumOfAdaptersToLoadOnStart&quot;:2,&quot;adapterTimeOutInSeconds&quot;:30,&quot;delayLoadFailure&quot;:3,&quot;placements&quot;:[{&quot;placementId&quot;:0,&quot;placementName&quot;:&quot;DefaultInterstitial&quot;,&quot;delivery&quot;:true,&quot;capping&quot;:{&quot;enabled&quot;:false},&quot;pacing&quot;:{&quot;enabled&quot;:false},&quot;isDefault&quot;:true}],&quot;collectBiddingDataAsyncEnabled&quot;:true,&quot;collectBiddingDataTimeout&quot;:3000,&quot;sharedManagersThread&quot;:true,&quot;adUnits&quot;:{&quot;l2ndjrq54ehudpbd&quot;:{&quot;capping&quot;:{&quot;enabled&quot;:false},&quot;pacing&quot;:{&quot;enabled&quot;:false},&quot;isDefault&quot;:true}},&quot;expiredDurationInMinutes&quot;:60},&quot;rewarded&quot;:{&quot;maxNumOfAdaptersToLoadOnStart&quot;:2,&quot;adapterTimeOutInSeconds&quot;:30,&quot;loadRVInterval&quot;:-1,&quot;placements&quot;:[{&quot;placementId&quot;:0,&quot;placementName&quot;:&quot;DefaultRewardedVideo&quot;,&quot;virtualItemName&quot;:&quot;Virtual Item&quot;,&quot;virtualItemCount&quot;:1,&quot;delivery&quot;:true,&quot;capping&quot;:{&quot;enabled&quot;:false},&quot;pacing&quot;:{&quot;enabled&quot;:false},&quot;isDefault&quot;:true}],&quot;advancedLoading&quot;:2,&quot;expiredDurationInMinutes&quot;:60,&quot;collectBiddingDataAsyncEnabled&quot;:true,&quot;collectBiddingDataTimeout&quot;:3000,&quot;sharedManagersThread&quot;:true,&quot;adUnits&quot;:{&quot;6zzqx6hjz322equi&quot;:{&quot;capping&quot;:{&quot;enabled&quot;:false},&quot;pacing&quot;:{&quot;enabled&quot;:false},&quot;reward&quot;:{&quot;name&quot;:&quot;Virtual Item&quot;,&quot;amount&quot;:1},&quot;isDefault&quot;:true}}}}},&quot;protocolVersion&quot;:1}}</string>
    <string name="default_rv_trigger_events">14,46,305,510,511,514,516,1002,1003,1005,1006,1010,1203,1301,1302,2003,2004,2005,2006,2204,2300,2301,3008,3009,3110,3116,3501,4005,4009,4501,4502,</string>
    <string name="default_is_opt_in_events">2,3,5,7,10,14,17,19,22,23,25,27,28,29,42,44,46,53,60,61,62,63,64,70,71,72,80,81,82,83,114,119,128,140,305,402,405,407,408,510,511,514,515,516,517,1000,1001,1002,1003,1005,1006,1010,1022,1023,1071,1113,1202,1203,1220,1285,1301,1302,1303,1320,1321,1322,1503,2001,2002,2003,2004,2005,2006,2022,2023,2032,2203,2204,2300,2301,2303,2320,2321,2322,2503,3008,3009,4001,4002,4005,4008,4009,4020,4021,4022,4110,4111,4112,4119,4300,4306,4500,4501,4502,4510,4511,4520,4521,80001,81002,81003,81010,81011,81040,81041,81050,81051,81060,81061,81072,81073,81074,81075,81300,81314,81318,81319,81321,81322,81323,81500,81510,82002,82003,82010,82011,82040,82041,82050,82051,82060,82061,82070,82071,82072,82073,82074,82075,82300,82301,82302,82314,82321,82322,82500,82510,83003,83004,83006,83007,83051,83314,83513,84050,84312,84313,88000,88003,88004,90044,91000,91002,91003,91213,91220,92003,92213,93111,94001,94002,94005,94009,94111,94300,</string>
    <string name="browser_user_agent">Mozilla/5.0 (Linux; Android 14; RMX3660 Build/UKQ1.230924.001; wv) AppleWebKit/537.36 (KHTML, like Gecko) Version/4.0 Chrome/139.0.7258.160 Mobile Safari/537.36</string>
</map>
