<?xml version='1.0' encoding='utf-8' standalone='yes' ?>
<map>
    <string name="auid">cf0c9d2d-e6d0-482e-a58f-22b805fb9ee3</string>
    <string name="ControllerABGroup">1699.1</string>
    <string name="search_keys">{&quot;success&quot;:&quot;&quot;,&quot;fail&quot;:&quot;&quot;,&quot;searchKeys&quot;:[&quot;market://&quot;,&quot;play.google.com&quot;],&quot;acknowledgeWith&quot;:&quot;acknowledgeMessage&quot;,&quot;declineWith&quot;:&quot;errorTest&quot;}</string>
    <string name="ssaGlobalAppData">{&quot;controllerVersion&quot;:&quot;3020&quot;}</string>
    <string name="version">8.9.1</string>
    <string name="unityads-idfi">fe74e901-ce54-45e3-9581-97678c830e7d</string>
</map>
