{"accessibleDataDirectory":false,"addActivities":[],"addPermissions":["android.permission.READ_LOGS","net.dinglisch.android.tasker.PERMISSION_RUN_TASKS","android.permission.BLUETOOTH_ADMIN","android.permission.VIBRATE","android.permission.SYSTEM_ALERT_WINDOW","android.permission.CHANGE_WIFI_STATE","android.permission.REQUEST_IGNORE_BATTERY_OPTIMIZATIONS","android.permission.ACCESS_NETWORK_STATE","android.permission.USE_FINGERPRINT","android.permission.ACCESS_WIFI_STATE","android.permission.BLUETOOTH","android.permission.WRITE_SETTINGS","android.permission.READ_SETTINGS"],"addProviders":[],"addReceivers":["com.encrypt.appcloner.classes.DisableClipboardAccess$ClearClipboardReceiver"],"allowBackup":"NO_CHANGE","allowNotificationsWhenRunning":false,"allowScreenshots":false,"allowSharingImages":false,"allowTextSelection":false,"appDataExportImport":true,"appPasswordAskOnlyOnce":false,"appPasswordStealthMode":false,"appValidFrom":0,"appValidUntil":0,"autoIncognitoMode":false,"autoPressButtons":[],"autoRemoveFromRecents":false,"autoStart":"NO_CHANGE","backAlwaysFinishes":false,"badge":"","batchAppendCloneNumber":false,"batchChangeIconHue":false,"batchSetBadge":false,"blockAllNotifications":false,"blockAllToasts":false,"blockByDefault":false,"bringAppToFrontNotification":false,"bundleAppData":false,"bundleFilesDirectories":[],"bundleObb":false,"changeAndroidId":false,"changeAndroidIdSeed":0,"changeDefaultFont":false,"changeImei":"NO_CHANGE","changeImeiImsi":false,"changeImsi":"NO_CHANGE","clearCacheOnExit":false,"clearCacheWhenNotUsed":false,"clearCacheWhenNotUsedTimeUnit":"DAYS","clearCacheWhenNotUsedValue":3,"clipboardTimeout":false,"cloneNumber":-1,"cloningMode":"DEFAULT","confirmExit":false,"debugUtils":false,"defaultNotificationLights":{"notificationLightsColor":"NO_CHANGE","notificationLightsPattern":"NO_CHANGE"},"densityDpiScale":1.0,"deviceLockDeviceIdentifiers":[],"disableAccessibilityServices":false,"disableActivityTransitions":false,"disableAllNetworking":false,"disableAppDefaults":false,"disableAutoFill":false,"disableAutoStart":false,"disableBackgroundNetworking":false,"disableCalendarAccess":false,"disableCallLogSmsAccess":false,"disableCameras":false,"disableClearTextNetworking":false,"disableClipboardReadAccess":false,"disableClipboardWriteAccess":false,"disableConnectivityChangeEvents":false,"disableContactsAccess":false,"disableDeviceAdmin":false,"disableHardwareAcceleration":false,"disableInAppSearch":false,"disableLogcatLogging":false,"disableMobileData":false,"disableNewPictureVideoEvents":false,"disablePermissionPrompts":false,"disableRuntimeModdingOptions":false,"disableShareActions":false,"disableSpaceManagement":false,"disableUsbAccessoryModeEvents":false,"disableUsbHostModeEvents":false,"disableWakeLocks":false,"disableWatchApp":false,"disableWidgets":false,"documentLaunchMode":false,"enableBatchCloning":false,"enableTvVersion":false,"excludeFromRecents":false,"exitAppOnScreenOff":false,"exitAppOnScreenOffDelaySeconds":0,"facebookLoginBehavior":"WEB_ONLY","fakeCalculator":false,"fingerprintLongTapAction":"NONE","fingerprintTapAction":"NONE","flipIcon":false,"flipIconVertically":false,"floatingApp":false,"floatingAppLowerTargetSdk":false,"floatingAppOpacity":1.0,"floatingBackButton":false,"floatingBackButtonColor":-7829368,"floatingBackButtonDoubleBackTap":false,"floatingBackButtonLongPressAction":"NONE","floatingBackButtonOpacity":0.5,"floatingBackButtonPositionPerScreen":false,"floatingBackButtonSize":"MEDIUM","flushLogcatBufferOnExit":false,"fontScale":1.0,"forceRotationLockUsingOverlay":false,"freeFormWindow":false,"fromCloneNumber":1,"googlePlayServicesWorkaround":false,"headphonesPluggedEventAction":"NONE","headphonesUnpluggedEventAction":"NONE","headsUpNotifications":false,"hideBluetoothMacAddress":false,"hideFromClonedApps":false,"hideGooglePlayServices":false,"hideImei":false,"hideImsi":false,"hideNotch":false,"hidePasswordCharacters":false,"hideSimOperatorInfo":false,"hideWifiInfo":false,"hideWifiMacAddress":false,"hostsBlocker":false,"iconEffect":"NONE","iconHue":180,"iconLightness":0.0,"iconRotation":180,"iconSaturation":0.0,"ignoreCrashes":true,"ignoreCrashesShowCrashMessages":true,"ignoreUpdates":true,"immersiveMode":false,"immersiveModeIgnoreNotch":false,"incognitoKeyboard":false,"incognitoMode":false,"installToSdCard":false,"interpretedMode":false,"joystickPointer":false,"joystickPointerColor":-7829368,"joystickPointerOpacity":1.0,"joystickPointerShowInitially":true,"joystickPointerSize":"MEDIUM","joystickPointerToggleKeyCode":23,"joystickPointerToggleLongPress":true,"keepAppLabel":false,"keepScreenOn":false,"language":"","largeHeapSupport":false,"largerAspectRatios":false,"launchQuickSettingsTile":false,"leanbackBannerImage":false,"leanbackLauncherSupport":false,"localActivities":true,"localBroadcastsServices":false,"localOnlyNotifications":false,"logGetPackageName":false,"logcatViewer":false,"longPressBackAction":"NONE","lowMemoryMode":false,"makeAssistApp":false,"makeCameraApp":false,"makeDebuggable":false,"makeHomeApp":false,"makeTestOnly":false,"makeWatchApp":false,"markAsGame":false,"mergeCustomClassesDex":false,"mergeOriginalClassesDex":false,"minSdkVersion":0,"multiWindow":false,"multiWindowNoPause":false,"muteMic":false,"muteOnStart":false,"name":"Dashreels","navigationBarColorUseStatusBarColor":false,"noBackgroundServices":false,"noOngoingNotifications":false,"noRelayoutOnRotation":false,"notificationCategories":[],"notificationColorUseStatusBarColor":false,"notificationFilter":"","notificationPriority":"NO_CHANGE","notificationQuietTime":false,"notificationQuietTimeEnd":"07:00","notificationQuietTimeStart":"21:00","notificationSnoozeTimeout":0,"notificationSound":"NO_CHANGE","notificationTextReplacements":[],"notificationTimeout":0,"notificationTintStatusBarIcon":false,"notificationVibration":"NO_CHANGE","notificationVisibility":"NO_CHANGE","overrideSharedPreferences":{},"passwordProtectApp":false,"penButtonPressedEventAction":"NONE","penDetachedEventAction":"NONE","penInsertedEventAction":"NONE","persistentApp":false,"persistentClipboard":false,"pictureInPictureKeyCode":0,"pictureInPictureLongPress":false,"pictureInPictureNotification":false,"pictureInPictureSupport":false,"powerConnectedEventAction":"NONE","powerDisconnectedEventAction":"NONE","powerEventsDockUndockEvents":false,"preserveExpansionFiles":false,"pressBackAgainToExit":false,"preventImmersiveMode":false,"preventScreenshots":false,"privateAccounts":false,"privateClipboard":false,"randomAndroidId":false,"randomizeBuildProps":false,"redirectExternalStorage":false,"removeLauncherIcon":false,"removeLauncherIconShortcuts":false,"removeNotificationActions":false,"removeNotificationIcon":false,"removeNotificationPeople":false,"removePermissions":[],"replaceLauncherIcon":false,"replaceNotificationIcon":false,"requestAllPermissions":false,"requestIgnoreBatteryOptimizations":false,"restoreAppDataOnEveryStart":false,"restoreAutoRotateOnExit":false,"restoreBluetoothStateOnExit":false,"restoreBrightnessOnExit":false,"restoreInterruptionFilterOnExit":false,"restoreWifiStateOnExit":false,"rotationLock":"NONE","roundIconSupport":false,"safeMode":true,"sandboxExternalStorage":false,"setClipboardDataOnStart":"","showAppInfoNotification":false,"showNotificationTime":false,"showOnLockScreen":false,"showTouches":false,"signAsSystemApp":false,"simpleNotifications":false,"skipNativeLibraries":true,"socksProxy":false,"socksProxyPort":1080,"stealthMode":false,"stealthModeUseFingerprint":false,"stethoSupport":false,"targetSdkVersion":0,"taskerStartTaskName":"","taskerStopTaskName":"","toCloneNumber":1,"toastFilter":"","toolbarColorUseStatusBarColor":false,"transparentNavigationBar":false,"trustAllCertificates":true,"twitterLoginBehavior":"WEB_ONLY","versionCode":0,"volumeDownKeyAction":"NONE","volumeRockerLocker":"NONE","volumeUpDownKeyAction":"NONE","volumeUpKeyAction":"NONE","waitForDebugger":false,"welcomeMessageDelay":2000,"welcomeMessageMode":"DIALOG","wideColorGamut":false}