{"Fid":"dbnfLR6BQIubqhC4LyItiP","Status":3,"AuthToken":"eyJhbGciOiJFUzI1NiIsInR5cCI6IkpXVCJ9.eyJhcHBJZCI6IjE6NjU2MDU1OTI0NTM3OmFuZHJvaWQ6Y2VmZTkyOGMxODlhYjcxYzVkOWFlOCIsImV4cCI6MTc1OTA3NzI2MCwiZmlkIjoiZGJuZkxSNkJRSXVicWhDNEx5SXRpUCIsInByb2plY3ROdW1iZXIiOjY1NjA1NTkyNDUzN30.AB2LPV8wRAIgAZ9wq0fyb3Yq0u6klVajTmp9g6VHeIGXkcT64i4CI60CIF-4I1gQiwWULDCFPRz4t3byxIZgfda9u2nBF2MNgYlK","RefreshToken":"3_AS3qfwKwdyNWG9VVJJKgB_dW6b3u3_h-j3W-iuunUM3wZP332Ob61HCClPc7P2wKNXaZiZjMmNT2CggzM1V0M9ocqdUxbM-ZO9TTPGaEEZqmPL8","TokenCreationEpochInSecs":1758472459,"ExpiresInSecs":604800}