{"Fid":"eRCWIfKuSa-pPiq8M-whzv","Status":3,"AuthToken":"eyJhbGciOiJFUzI1NiIsInR5cCI6IkpXVCJ9.eyJhcHBJZCI6IjE6NjU2MDU1OTI0NTM3OmFuZHJvaWQ6Y2VmZTkyOGMxODlhYjcxYzVkOWFlOCIsImV4cCI6MTc1OTA3Njk1MywiZmlkIjoiZVJDV0lmS3VTYS1wUGlxOE0td2h6diIsInByb2plY3ROdW1iZXIiOjY1NjA1NTkyNDUzN30.AB2LPV8wRAIgM0wQ5mGNIk-bvoYw7f5avvoyCFbn-YpAqOgn80PuUNYCIBqjw5-NjrT2fZc3JhqTp-ax-MFMjOKQ0gKyF11IIKF0","RefreshToken":"3_AS3qfwIZJdLdpK3UjjCSSFUe8rT3WYHlqp5wX-QE-ioJk3iE4kda95-Stk5S9I_7U864qvGk0o6pV6OlUhaz80t0bYfS-2PZEf4IgkEaf7XV5nQ","TokenCreationEpochInSecs":1758472152,"ExpiresInSecs":604800}