{"Fid":"eK8Vo_87SS-oOEt5OkgjLx","Status":3,"AuthToken":"eyJhbGciOiJFUzI1NiIsInR5cCI6IkpXVCJ9.eyJhcHBJZCI6IjE6NjU2MDU1OTI0NTM3OmFuZHJvaWQ6Y2VmZTkyOGMxODlhYjcxYzVkOWFlOCIsImV4cCI6MTc1OTA3MzY1NCwiZmlkIjoiZUs4Vm9fODdTUy1vT0V0NU9rZ2pMeCIsInByb2plY3ROdW1iZXIiOjY1NjA1NTkyNDUzN30.AB2LPV8wRQIgN8dpDcR94pcU6NiEl8upwOkilFEBxegzRd_K13WNg7YCIQDQzpjHA1ywBPm0tWFoBcsAG_sV6C890Im3u1XjKi_a_A","RefreshToken":"3_AS3qfwLmTD4TFYLp1zPib6-vt3hYdO_Q7rFnsUJSuSOQ5gLSTONKnidGJg-BLIQqT6x6Fgu_I_NcJbZu8DkT9-kOyP5rXvpWZMP0oByPRaQGjA","TokenCreationEpochInSecs":1758468852,"ExpiresInSecs":604800}